{"cameraMode":{"drawMode":0,"name":"Shaded","section":"Shading Mode"},"sceneLighting":true,"audioPlay":false,"sceneViewState":{"m_AlwaysRefresh":false,"showFog":true,"showSkybox":true,"showFlares":true,"showImageEffects":true,"showParticleSystems":true,"showVisualEffectGraphs":true,"m_FxEnabled":true},"in2DMode":false,"pivot":{"x":-0.37242698669433596,"y":2.4976296424865724,"z":-0.6630926132202148},"rotation":{"x":-0.03383743762969971,"y":0.9541156888008118,"z":-0.11825167387723923,"w":-0.2730168104171753},"size":3.6314005851745607,"orthographic":false}